<appaction uniquename="cr606_CalculateSalary!219436edbdcb4c22ae8fd821445a74ee!cr606_Emp_Management_Sys!cr606_emp!0">
  <appmoduleid>
    <uniquename>cr606_Emp_Management_Sys</uniquename>
  </appmoduleid>
  <buttonlabeltext default="Calculate Salary">
    <label description="Calculate Salary" languagecode="1033" />
  </buttonlabeltext>
  <buttonsequencepriority>47.5000000000</buttonsequencepriority>
  <context>1</context>
  <contextentity>
    <logicalname>cr606_emp</logicalname>
  </contextentity>
  <contextvalue>cr606_emp</contextvalue>
  <fonticon>$clientsvg:Add</fonticon>
  <hidden>0</hidden>
  <iscustomizable>1</iscustomizable>
  <location>0</location>
  <name>CalculateSalary!219436edbdcb4c22ae8fd821445a74ee</name>
  <onclickeventjavascriptfunctionname>Navigate.navigateToIssueForm</onclickeventjavascriptfunctionname>
  <onclickeventjavascriptparameters>[]</onclickeventjavascriptparameters>
  <onclickeventjavascriptwebresourceid>
    <webresourceid>c3b61358-2cb4-ec11-983f-0022482e287b</webresourceid>
  </onclickeventjavascriptwebresourceid>
  <onclickeventtype>2</onclickeventtype>
  <statecode>0</statecode>
  <statuscode>1</statuscode>
  <type>0</type>
</appaction>