<appaction uniquename="cr606_HR!7d33bbd5124c4f3aaf3b15b532410e0d!cr606_Emp_Management_Sys!cr606_emp!0">
  <appmoduleid>
    <uniquename>cr606_Emp_Management_Sys</uniquename>
  </appmoduleid>
  <buttonlabeltext default="HR Connect">
    <label description="HR Connect" languagecode="1033" />
  </buttonlabeltext>
  <buttonsequencepriority>48.7500000000</buttonsequencepriority>
  <context>1</context>
  <contextentity>
    <logicalname>cr606_emp</logicalname>
  </contextentity>
  <contextvalue>cr606_emp</contextvalue>
  <fonticon>AddMembers</fonticon>
  <hidden>0</hidden>
  <iscustomizable>1</iscustomizable>
  <location>0</location>
  <name>HR!7d33bbd5124c4f3aaf3b15b532410e0d</name>
  <onclickeventjavascriptfunctionname>Navigate.navigateToIssueForm</onclickeventjavascriptfunctionname>
  <onclickeventjavascriptparameters>[]</onclickeventjavascriptparameters>
  <onclickeventjavascriptwebresourceid>
    <webresourceid>1d35e62f-2db4-ec11-983f-0022482e287b</webresourceid>
  </onclickeventjavascriptwebresourceid>
  <onclickeventtype>2</onclickeventtype>
  <statecode>0</statecode>
  <statuscode>1</statuscode>
  <type>0</type>
</appaction>